{"cameraMode":{"drawMode":0,"name":"Shaded","section":"Shading Mode"},"sceneLighting":true,"audioPlay":false,"sceneViewState":{"m_AlwaysRefresh":false,"showFog":true,"showSkybox":true,"showFlares":true,"showImageEffects":true,"showParticleSystems":true,"showVisualEffectGraphs":true,"m_FxEnabled":true},"in2DMode":false,"pivot":{"x":-6.804186820983887,"y":2.3073184490203859,"z":1.9373106956481934},"rotation":{"x":-0.6232200860977173,"y":-0.010775426402688027,"z":0.008581201545894146,"w":-0.7819722294807434},"size":5.850647926330566,"orthographic":true}