{"cameraMode":{"drawMode":0,"name":"Shaded","section":"Shading Mode"},"sceneLighting":false,"audioPlay":false,"sceneViewState":{"m_AlwaysRefresh":false,"showFog":true,"showSkybox":false,"showFlares":true,"showImageEffects":true,"showParticleSystems":true,"showVisualEffectGraphs":true,"m_FxEnabled":true},"in2DMode":false,"pivot":{"x":0.19926738739013673,"y":2.124018669128418,"z":-0.1169714629650116},"rotation":{"x":0.24554643034934998,"y":-0.6502938866615295,"z":0.2350337952375412,"w":0.6794141530990601},"size":3.5159976482391359,"orthographic":false}